filename,course_name,final_exam,midterm_tests,quizzes,project,participation,other,total_weight,parse_status
Discover_the_program._It_will___ADMINISTRATIVE_LAW_MARTIN_ARRIBAS.pdf,ADMINISTRATIVE LAW,30,30,0,0,20,20,100,ok
Discover_the_program._It_will___ADMINS__ECONOMIC_REGULATIONS_LAZAR.pdf,ADMINISTRATIVE LAW AND ECONOMIC,30,30,0,30,10,0,100,ok
Discover_the_program._It_will___AID_DEVELOPMENT_AND_SOCIAL_ENTREPRENEURSHIP.pdf,"AID, DEVELOPMENT AND SOCIAL",40,25,0,25,10,0,100,ok
Discover_the_program._It_will___APPLIED_BUSINESS_MATHEMATICS.pdf,APPLIED BUSINESS MATHEMATICS,40,30,0,0,10,20,100,ok
Discover_the_program._It_will___Applied_Business_Maths.pdf,APPLIED BUSINESS MATHEMATICS,40,30,0,0,10,20,100,ok
Discover_the_program._It_will___BDIT.pdf,BUSINESS-DRIVEN INFORMATION,40,30,0,0,10,20,100,ok
Discover_the_program._It_will___BPR.pdf,BUILDING POWERFUL RELATIONSHIPS,30,0,0,25,20,25,100,ok
Discover_the_program._It_will___CLOUD_COMPUTING.pdf,CLOUD COMPUTING,0,0,40,0,20,40,100,ok
Discover_the_program._It_will___COMMERCIAL_LAW_II_REIG.pdf,COMMERCIAL LAW AND CORPORATIONS II,30,20,0,0,25,25,100,ok
Discover_the_program._It_will___COMMERCIAL_LAW_I_FERNANDEZ_BENITO.pdf,COMMERCIAL LAW AND CORPORATIONS I,35,15,0,0,15,35,100,ok
Discover_the_program._It_will___COMPUTER_PROGRAMMING_1.pdf,COMPUTER PROGRAMMING 1,50,20,0,20,10,0,100,ok
Discover_the_program._It_will___CONFLICTS__BUSINESS_LAW_SANCHEZ.pdf,CONFLICTS AND BUSINESS LAW,40,0,0,0,20,40,100,ok
Discover_the_program._It_will___CONSTITUTIONAL_LAW-KOUROUTAKIS.pdf,CONSTITUTIONAL LAW,40,20,0,0,20,20,100,ok
Discover_the_program._It_will___CONTRACTS_MALO.pdf,CONTRACTS,30,30,20,0,0,20,100,ok
Discover_the_program._It_will___CRIMINAL_LAW_II_CAPELLO.pdf,CRIMINAL LAW II,45,20,0,15,20,0,100,ok
Discover_the_program._It_will___CRIMINAL_LAW_I_PALMIOTTO.pdf,CRIMINAL LAW I,45,15,0,20,20,0,100,ok
Discover_the_program._It_will___Calculus_for_Computer_Science.pdf,CALCULUS FOR COMPUTER SCIENCE,30,30,0,0,10,30,100,ok
Discover_the_program._It_will___Capital_markets_BBA.pdf,CAPITAL MARKETS,45,25,0,0,10,20,100,ok
Discover_the_program._It_will___Corporate_Finance.pdf,CORPORATE FINANCE,45,25,0,0,10,20,100,ok
Discover_the_program._It_will___Cost_Accounting.pdf,COST ACCOUNTING,40,0,0,0,10,50,100,ok
Discover_the_program._It_will___DIGITAL_HUMANITIES.pdf,INTRODUCTION TO DIGITAL HUMANITIES,0,0,0,28,30,42,100,ok
Discover_the_program._It_will___Data_Analysis_for_Economics_BBA.pdf,DATA ANALYSIS FOR ECONOMICS,40,35,0,0,10,15,100,ok
Discover_the_program._It_will___Discrete_Mathematics.pdf,DISCRETE MATHEMATICS,40,30,0,10,0,20,100,ok
Discover_the_program._It_will___ETHICS__VALUES_ELENA_GARRIGUES.pdf,UNPLUGGED I,30,30,0,30,10,0,100,ok
Discover_the_program._It_will___EUROPEAN_UNION_JOCHEN_MULLER.pdf,THE EUROPEAN UNION,0,50,0,20,30,0,100,ok
Discover_the_program._It_will___EU_LEGAL_HISTORY_LARRAnAGA.pdf,EUROPEAN LEGAL HISTORY,40,20,0,0,0,40,100,ok
Discover_the_program._It_will___Electives.pdf,BUSINESS AT THE BASE OF THE PYRAMID AND,0,0,0,40,25,35,100,ok
Discover_the_program._It_will___FAMILY_STATE__TRUST_CORTES.pdf,"FAMILY, ESTATE AND TRUST",0,0,0,30,15,55,100,ok
Discover_the_program._It_will___FINANCIAL_ACCOUNTING.pdf,FINANCIAL ACCOUNTING,40,30,0,0,10,20,100,ok
Discover_the_program._It_will___FOUNDATIONS_OF_SOCIAL_THEORY.pdf,FOUNDATIONS OF SOCIAL THEORY,30,30,0,30,10,0,100,ok
Discover_the_program._It_will___Final_Project.pdf,FINAL PROJECT,0,0,0,0,0,100,100,ok
Discover_the_program._It_will___Financial_Reporting_Analysis.pdf,FINANCIAL REPORTING & ANALYSIS,45,30,0,10,15,0,100,ok
Discover_the_program._It_will___Fundamentals_of_DataAnalysis.pdf,FUNDAMENTALS OF DATA ANALYSIS,30,20,0,0,10,40,100,ok
Discover_the_program._It_will___Fundamentals_of_Probability_and_Statistics.pdf,FUNDAMENTALS OF PROBABILITY AND,30,20,0,0,10,40,100,ok
Discover_the_program._It_will___GLOBAL_GOVERNANCE_AND_INTERNATIONAL_INSTITUTIONS.pdf,GLOBAL GOVERNANCE AND INTERNATIONAL,40,20,0,15,10,15,100,ok
Discover_the_program._It_will___GLOBAL_HISTORY_I.pdf,GLOBAL HISTORY I,0,0,0,0,10,90,100,ok
Discover_the_program._It_will___GLOBAL_HISTORY_II.pdf,GLOBAL HISTORY II,30,25,5,20,20,0,100,ok
Discover_the_program._It_will___Global_Economic_Environment_BBA.pdf,GLOBAL ECONOMIC ENVIRONMENT,0,60,0,0,10,30,100,ok
Discover_the_program._It_will___HISTORY_OF_INT._REL._SINCE_1945.pdf,HISTORY OF INT. REL. SINCE,30,30,20,10,10,0,100,ok
Discover_the_program._It_will___HISTORY_OF_INT_RELATIONS_UPTO_1945.pdf,HISTORY OF INT. RELATIONS UPTO 1945:HISTORY,40,30,20,0,10,0,100,ok
Discover_the_program._It_will___HUMAN_RIGHTS_VERDUGO.pdf,HUMAN RIGHTS,50,0,0,25,25,0,100,ok
Discover_the_program._It_will___Humanities.pdf,IE HUMANITIES,60,40,0,0,0,0,100,ok
Discover_the_program._It_will___IE_Challenge.pdf,IE-CHALLENGE,0,0,0,15,15,70,100,ok
Discover_the_program._It_will___IE_Impact_Entrepreneurship.pdf,ENTREPRENEURIAL MINDSET AND PRACTICE,20,0,0,0,15,65,100,ok
Discover_the_program._It_will___INTERNATIONAL_POLITICAL_ECONOMY.pdf,INTERNATIONAL POLITICAL ECONOMY,40,0,0,30,10,20,100,ok
Discover_the_program._It_will___INTERNATIONAL_RELATIONS_SKILLS_II.pdf,INTERNATIONAL RELATIONS SKILLS II,0,0,0,45,10,45,100,ok
Discover_the_program._It_will___INTERNATIONAL_RELATIONS_THEORY.pdf,INTERNATIONAL RELATIONS THEORY,45,20,0,0,10,25,100,ok
Discover_the_program._It_will___INTERNATIONAL_TRADE_AND_FINANCE.pdf,INTERNATIONAL TRADE AND FINANCE,0,30,0,20,10,40,100,ok
Discover_the_program._It_will___INTRO_PRIVATE_LAW_CASILDA_CORTES.pdf,INTRODUCTION TO PRIVATE LAW,30,30,0,10,15,15,100,ok
Discover_the_program._It_will___Intro_Programming.pdf,INTRODUCTION TO PROGRAMMING,35,20,0,30,15,0,100,ok
Discover_the_program._It_will___LABOUR_LAW_II_CIFUENTES.pdf,LABOUR LAW II,30,0,0,20,20,30,100,ok
Discover_the_program._It_will___LABOUR_LAW_I_OTERO.pdf,LABOUR LAW I,50,0,0,20,30,0,100,ok
Discover_the_program._It_will___LEGAL_SKILLS_TRANSACTIONS_DAROCA.pdf,UNPLUGGED IV,50,0,0,0,50,0,100,ok
Discover_the_program._It_will___LEGAL_THOUGHT_BAUTERS.pdf,LEGAL THOUGHT,40,20,0,0,0,40,100,ok
Discover_the_program._It_will___LITIGATION_II_PINEROS.pdf,LITIGATION II,40,0,0,20,20,20,100,ok
Discover_the_program._It_will___LITIGATION_I_DE_BENITO.pdf,LITIGATION I,0,0,0,0,0,100,100,ok
Discover_the_program._It_will___LOGIC_AND_ALGORITHMIC_THINKING.pdf,LOGIC AND ALGORITHMIC THINKING,40,0,0,0,30,30,100,ok
Discover_the_program._It_will___MANAGEMENT_CONTROL.pdf,MANAGEMENT CONTROL,35,25,0,30,10,0,100,ok
Discover_the_program._It_will___MANAGEMENT_TOOLS_AND_PRINCIPLES.pdf,MANAGEMENT TOOLS AND PRINCIPLES,50,10,0,0,20,20,100,ok
Discover_the_program._It_will___MARKETING_FUNDAMENTALS_BBA.pdf,MARKETING FUNDAMENTALS,30,15,0,25,10,20,100,ok
Discover_the_program._It_will___MATRICES__LINEAR_TRANSFORMATIONS.pdf,MATRICES & LINEAR TRANSFORMATIONS,30,0,0,30,10,30,100,ok
Discover_the_program._It_will___MICROECONOMICS.pdf,MICROECONOMICS,40,20,10,25,5,0,100,ok
Discover_the_program._It_will___Macroeconomics.pdf,MACROECONOMICS,0,60,0,30,10,0,100,ok
Discover_the_program._It_will___Management_Tools.pdf,MANAGEMENT TOOLS & PRINCIPLES,50,10,0,0,20,20,100,ok
Discover_the_program._It_will___Marketing_Action_BBA.pdf,MARKETING IN ACTION,0,0,0,50,10,40,100,ok
Discover_the_program._It_will___Marketing_Fundamentals.pdf,MARKETING FUNDAMENTALS,30,15,0,25,10,20,100,ok
Discover_the_program._It_will___Marketing_Management.pdf,MARKETING MANAGEMENT,40,0,10,20,10,20,100,ok
Discover_the_program._It_will___Marketing_Management_BBA.pdf,MARKETING MANAGEMENT,40,0,10,20,10,20,100,ok
Discover_the_program._It_will___Marketing_in_Action_BBA.pdf,MARKETING IN ACTION,0,0,0,50,10,40,100,ok
Discover_the_program._It_will___Mathematics_for_Management.pdf,MATHEMATICS FOR MANAGEMENT,40,25,0,0,10,25,100,ok
Discover_the_program._It_will___Maths_Management.pdf,MATHEMATICS FOR MANAGEMENT,40,25,0,0,10,25,100,ok
Discover_the_program._It_will___OPTATIVAS_LLBBIR.pdf,ADVANCED TOPICS ON SPANISH PUBLIC LAW (in,0,0,0,0,0,100,100,ok
Discover_the_program._It_will___Organizational_behavior_BBA.pdf,ORGANIZATIONAL BEHAVIOR,40,20,0,20,20,0,100,ok
Discover_the_program._It_will___PEACE_AND_CONFLICT_RESOLUTION.pdf,PEACE AND CONFLICT RESOLUTION,50,0,0,20,5,25,100,ok
Discover_the_program._It_will___PERSUASION_ALMANSA.pdf,UNPLUGGED I,35,0,0,35,30,0,100,ok
Discover_the_program._It_will___PHILOSOPHICAL_QUESTIONS_%26_METHODS.pdf,PHILOSOPHICAL METHODS AND QUESTIONS,0,30,0,0,20,50,100,ok
Discover_the_program._It_will___PHYSICS_FOR_COMPUTER_SCIENCE.pdf,PHYSICS FOR COMPUTER SCIENCE,40,30,0,20,10,0,100,ok
Discover_the_program._It_will___POLITICAL_THEORY.pdf,POLITICAL THEORY,45,35,0,0,10,10,100,ok
Discover_the_program._It_will___PROBABILITY_FOR_COMPUTING_SCIENCE.pdf,PROBABILITY FOR COMPUTING SCIENCE,35,0,0,45,20,0,100,ok
Discover_the_program._It_will___PROJECT_MANAGEMENT.pdf,PROJECT MANAGEMENT,35,0,0,40,25,0,100,ok
Discover_the_program._It_will___PROPERTY_ZAMORA.pdf,PROPERTY,30,30,0,0,20,20,100,ok
Discover_the_program._It_will___PUBLIC_INTER_LAW_DELERUE.pdf,PUBLIC INTERNATIONAL LAW,30,0,0,25,15,30,100,ok
Discover_the_program._It_will___PUBLIC_OPINION_%26_POLITICAL_COMMUNICATION.pdf,PUBLIC OPINION & POLITICAL COMMUNICATION,40,20,0,20,5,15,100,ok
Discover_the_program._It_will___Principles_of_Programming.pdf,PRINCIPLES OF PROGRAMMING,50,25,0,15,10,0,100,ok
Discover_the_program._It_will___RESEARCH_ACADEMIC_WRITING_SKILLS.pdf,RESEARCH & ACADEMIC WRITING SKILLS,0,0,0,0,20,80,100,ok
Discover_the_program._It_will___RESEARCH_METHODS_IN_IR.pdf,RESEARCH METHODS IN IR,40,0,0,0,0,60,100,ok
Discover_the_program._It_will___Research_and_Academic_Writing.pdf,RESEARCH & ACADEMIC WRITING SKILLS,0,0,0,0,20,80,100,ok
Discover_the_program._It_will___SIMULATING_AND_MODELING_TO_UNDERSTAND_CHANGE.pdf,SIMULATING AND MODELING TO UNDERSTAND,30,20,15,0,10,25,100,ok
Discover_the_program._It_will___SUPPLY_CHAIN_MANAGEMENT.pdf,SUPPLY CHAIN MANAGEMENT,40,0,0,25,20,15,100,ok
Discover_the_program._It_will___Statistics.pdf,STATISTICS & DATA ANALYSIS,40,0,0,20,15,25,100,ok
Discover_the_program._It_will___Strategies_Multinational_Corporation.pdf,STRATEGIES FOR THE MULTINATIONAL,45,0,0,15,20,20,100,ok
Discover_the_program._It_will___Strategies_for_Competing_in_Industries_and_Markets.pdf,STRATEGIES FOR COMPETING IN INDUSTRIES,45,25,0,15,15,0,100,ok
Discover_the_program._It_will___TAXATION_II-ALLEVATO.pdf,TAXATION II,45,25,0,15,15,0,100,ok
Discover_the_program._It_will___TAXATION_I_LEIS.pdf,TAXATION I,45,25,0,15,15,0,100,ok
Discover_the_program._It_will___TECH.pdf,TECHNOLOGY WITH IMPACT,0,0,0,30,15,55,100,ok
Discover_the_program._It_will___TECHNOLOGY_II.pdf,TECHNOLOGY II,40,0,0,0,0,60,100,ok
Discover_the_program._It_will___TOPICS_IN_FOREIGN_POLICY.pdf,TOPICS IN FOREIGN POLICY,35,0,0,25,10,30,100,ok
Discover_the_program._It_will___TORTS_BERMEJO.pdf,TORTS,60,0,0,25,15,0,100,ok
Discover_the_program._It_will___The_Big_History_of_Ideas.pdf,THE BIG HISTORY OF IDEAS AND INNOVATION,25,25,0,0,25,25,100,ok
Discover_the_program._It_will___UNPLUGGED_III.pdf,UNPLUGGED III,35,0,25,0,10,30,100,ok
Discover_the_program._It_will___UNPLUGGED_V_MORALES.pdf,UNPLUGGED V,0,0,0,0,50,50,100,ok
Discover_the_program._It_will___WRITING_MARVEL.pdf,UNPLUGGED II,0,0,0,20,10,70,100,ok
Discover_the_program._It_will___final-project_BBA.pdf,FINAL PROJECT,0,0,0,0,0,100,100,ok
file_38.pdf,CALCULUS 1,40,35,0,0,10,15,100,ok
file_39.pdf,LINEAR ALGEBRA,40,30,0,15,15,0,100,ok
file_40.pdf,DISCRETE MATHEMATICS,40,40,0,0,20,0,100,ok
file_41.pdf,GEOMETRY,40,30,0,15,15,0,100,ok
file_42.pdf,COMPUTER PROGRAMMING 1,30,30,0,30,10,0,100,ok
file_43.pdf,CALCULUS 2,35,35,0,15,15,0,100,ok
file_44.pdf,COMPUTER PROGRAMMING 2,40,30,0,20,10,0,100,ok
file_45.pdf,PROBABILITY AND STATISTICS,40,30,0,15,0,15,100,ok
file_46.pdf,DATA BASES,35,25,15,15,10,0,100,ok
file_47.pdf,DATA VISUALIZATION,0,30,0,25,10,35,100,ok
file_48.pdf,IE HUMANITIES,60,40,0,0,0,0,100,ok
file_49.pdf,ORDINARY DIFFERENTIAL EQUATIONS,50,30,0,0,5,15,100,ok
file_50.pdf,NUMERICAL METHODS,40,35,0,15,10,0,100,ok
file_51.pdf,OPTIMIZATION I,40,30,0,15,15,0,100,ok
file_52.pdf,MACHINE LEARNING,40,20,10,15,15,0,100,ok
file_53.pdf,COMMUNICATION SKILLS,0,0,0,50,20,30,100,ok
file_54.pdf,TECHNOLOGY,0,0,0,30,15,55,100,ok
file_55.pdf,MATHEMATICAL MODELING,40,20,0,40,0,0,100,ok
file_56.pdf,APPROXIMATION,30,40,0,0,10,20,100,ok
file_57.pdf,STATISTICAL MODELING,30,30,0,10,10,20,100,ok
file_58.pdf,OPTIMIZATION II,30,40,0,15,15,0,100,ok
file_59.pdf,ENTREPRENEURSHIP,0,0,0,50,25,25,100,ok
file_60.pdf,PARTIAL DIFFERENTIAL EQUATIONS,50,30,0,10,10,0,100,ok
file_61.pdf,ALGORITHMS,50,25,0,15,10,0,100,ok
file_62.pdf,OPTIMIZATION III,45,25,0,20,10,0,100,ok
file_63.pdf,NUMERICAL LINEAR ALGEBRA,50,25,0,15,10,0,100,ok
file_64.pdf,BAYESIAN STATISTICS AND STOCHASTIC,30,30,15,20,5,0,100,ok
file_65.pdf,NONLINEAR DYNAMICS,40,30,0,25,5,0,100,ok
file_66.pdf,DEEP LEARNING,40,30,0,20,10,0,100,ok
nan__ACCOUNTING_JORGE_COLVIN.pdf,ACCOUNTING AND FINANCE,60,0,0,0,20,20,100,ok
nan__ADMINISTRATIVE_LAW_MARTIN_ARRIBAS.pdf,ADMINISTRATIVE LAW,30,30,0,0,20,20,100,ok
nan__ADMINS__ECONOMIC_REGULATIONS_LAZAR.pdf,ADMINISTRATIVE LAW AND ECONOMIC,30,30,0,30,10,0,100,ok
nan__ADVANCED_WRITING_SKILLS.pdf,ADVANCED WRITING SKILLS,0,0,0,0,20,80,100,ok
nan__AI_CHATBOTS__RECOMMENDATION_ENGINES.pdf,AI: CHATBOTS & RECOMMENDATION ENGINES,30,0,0,35,10,25,100,ok
nan__AI_COMPUTER_VISION.pdf,AI: COMPUTER VISION,35,30,0,15,5,15,100,ok
nan__AI_MACHINE_LEARNING_FOUNDATIONS.pdf,AI: MACHINE LEARNING FOUNDATIONS,30,0,0,8,20,42,100,ok
nan__AI_Machine_Learning_%26_Analytics.pdf,AI-MACHINE LEARNING & ANALYTICS,20,20,0,30,10,20,100,ok
nan__AI_NATURAL_LANGUAGE_PROCESSING__SEMANTIC_ANALYSIS.pdf,AI: NATURAL LANGUAGE PROCESSING &,35,0,10,30,5,20,100,ok
nan__AI_PERSONALITY_AND_EMOTION_FOR_AI_DESIGN.pdf,AI: PERSONALITY AND EMOTION FOR AI DESIGN,40,0,0,30,10,20,100,ok
nan__AI_REASONING__PROBLEM_SOLVING.pdf,AI: REASONING & PROBLEM SOLVING,30,0,10,0,20,40,100,ok
nan__AI_REINFORCEMENT_LEARNING.pdf,AI: REINFORCEMENT LEARNING,30,0,0,10,20,40,100,ok
nan__AI_STATISTICAL_LEARNING__PREDICTION.pdf,AI: STATISTICAL LEARNING & PREDICTION,40,25,0,25,10,0,100,ok
nan__ALGORITHMS__DATA_STRUCTURES.pdf,ALGORITHMS & DATA STRUCTURES,30,0,0,30,10,30,100,ok
nan__ALTERNATIVE_PRACTISES_DESIGN.pdf,ALTERNATIVE PRACTICES: DESIGN,0,0,0,40,0,60,100,ok
nan__ALTERNATIVE_PRACTISES_DIGITAL_STUDIES.pdf,ALTERNATIVE PRACTICES: DIGITAL STUDIES,0,0,0,66,34,0,100,ok
nan__ALTERNATIVE_PRACTISES_LANDSCAPE_AND_ENVIRONMENT.pdf,ALTERNATIVE PRACTICES: LANDSCAPE AND,0,0,0,60,10,30,100,ok
nan__ALTERNATIVE_PRACTISES_RESEARCH_METHODS.pdf,ALTERNATIVE PRACTICES: RESEARCH METHODS,0,0,0,0,10,90,100,ok
nan__ALTERNATIVE_PRACTISES_URBAN_INFRASTRUCTURES.pdf,ALTERNATIVE PRACTICES: URBAN,0,0,0,40,10,50,100,ok
nan__APPLIED_MATHEMATICS_IN_ARCHITECTURE_1.pdf,APPLIED MATHEMATICS IN ARCHITECTURE 1,40,0,0,0,10,50,100,ok
nan__APPLIED_MATHEMATICS_IN_ARCHITECTURE_2.pdf,APPLIED MATHEMATICS IN ARCHITECTURE 2,50,0,0,0,10,40,100,ok
nan__APPLIED_PHYSICS_IN_ARCHITECTURE_2.pdf,APPLIED PHYSICS IN ARCHITECTURE 2,60,25,0,0,15,0,100,ok
nan__ARCHITECTURAL_GEOMETRY_2.pdf,ARCHITECTURAL GEOMETRY 2,30,0,0,10,10,50,100,ok
nan__ARCHITECTURAL_HISTORY_AND_THEORY_1.pdf,ARCHITECTURAL HISTORY AND THEORY 1,35,0,0,0,10,55,100,ok
nan__ARCHITECTURAL_HISTORY_AND_THEORY_2.pdf,ARCHITECTURAL HISTORY AND THEORY 2,40,0,0,20,10,30,100,ok
nan__ARCHITECTURAL_HISTORY_AND_THEORY_3.pdf,ARCHITECTURAL HISTORY AND THEORY 3,45,0,0,0,10,45,100,ok
nan__ARCHITECTURE_HISTORIES_AND_CONTEXTS.pdf,ARCHITECTURE HISTORIES AND CONTEXTS,50,0,0,0,10,40,100,ok
nan__Advanced_Architectural_Graphics.pdf,ADVANCED ARCHITECTURAL GRAPHICS,0,0,0,0,0,100,100,ok
nan__Advanced_Databases.pdf,ADVANCED DATABASES,20,20,0,20,20,20,100,ok
nan__Advanced_Technical_Studies_A.pdf,ADVANCED TECHNICAL STUDIES,0,0,0,0,0,100,100,ok
nan__Advanced_Topic_Connected_Industries_Smart_Cities_%.pdf,"ADVANCED TOPIC: CONNECTED INDUSTRIES,",0,0,0,0,20,80,100,ok
nan__Advanced_Topic_Customer_Analytics.pdf,ADVANCED TOPIC: CUSTOMER ANALYTICS,30,0,0,50,20,0,100,ok
nan__Advanced_Topic_Financial_Analytics.pdf,ADVANCED TOPIC: FINANCIAL ANALYTICS,30,0,0,50,20,0,100,ok
nan__Advances_Structures_and_Foundations.pdf,ADVANCED STRUCTURES AND FOUNDATIONS,50,0,0,0,0,50,100,ok
nan__Algorithms.pdf,ALGORITHMS,50,25,0,15,10,0,100,ok
nan__Algorithms_and_Data_Structure.pdf,ALGORITHMS & DATA STRUCTURES,25,20,0,25,10,20,100,ok
nan__Analyzing_Social_Media.pdf,ANALYZING SOCIAL MEDIA,35,30,0,0,20,15,100,ok
nan__Applied_Physics_in_Architectural_1.pdf,APPLIED PHYSICS IN ARCHITECTURE 1,40,30,0,0,10,20,100,ok
nan__Arch_Geomtery_1.pdf,ARCHITECTURAL GEOMETRY 1,30,0,0,0,10,60,100,ok
nan__Architectural_History_and_Theory_4.pdf,ARCHITECTURAL HISTORY AND THEORY 4,0,0,0,15,10,75,100,ok
nan__BLOCKCHAIN_CRYPTOCURRENCIES__FINTECH.pdf,"BLOCKCHAIN, CRYPTOCURRENCIES & FINTECH",0,0,0,40,10,50,100,ok
nan__Big_Data_Technology.pdf,BIG DATA TECHNOLOGY,20,20,0,40,10,10,100,ok
nan__CALCULUS_FOR_COMPUTER_SCIENCE.pdf,CALCULUS FOR COMPUTER SCIENCE,30,30,0,0,10,30,100,ok
nan__CLOUD_COMPUTING.pdf,CLOUD COMPUTING,0,0,40,0,20,40,100,ok
nan__COMMERCIAL_LAW_II_REIG.pdf,COMMERCIAL LAW AND CORPORATIONS II,30,20,0,0,25,25,100,ok
nan__COMMERCIAL_LAW_I_FERNANDEZ_BENITO.pdf,COMMERCIAL LAW AND CORPORATIONS I,35,15,0,0,15,35,100,ok
nan__COMPUTER_ARCHITECTURE_NETWORK_TECHNOLOGY__OPERATIN.pdf,"COMPUTER ARCHITECTURE, NETWORK",30,30,0,15,10,15,100,ok
nan__COMPUTER_PROGRAMMING_1.pdf,COMPUTER PROGRAMMING 1,50,20,0,20,10,0,100,ok
nan__COMPUTER_PROGRAMMING_2.pdf,COMPUTER PROGRAMMING 2,25,25,0,25,10,15,100,ok
nan__CONFLICTS__BUSINESS_LAW_SANCHEZ.pdf,CONFLICTS AND BUSINESS LAW,40,0,0,0,20,40,100,ok
nan__CONSTITUTIONAL_LAW-KOUROUTAKIS.pdf,CONSTITUTIONAL LAW,40,20,0,0,20,20,100,ok
nan__CONSTITUTIONAL_LAW_ELKHOURY.pdf,CONSTITUTIONAL LAW,40,0,0,0,20,40,100,ok
nan__CONSTRUCTION_SYSTEMS_AND_APPLICATIONS_1.pdf,CONSTRUCTION SYSTEMS AND APPLICATIONS 1,0,0,0,10,10,80,100,ok
nan__CONSTRUCTION_SYSTEMS_AND_APPLICATIONS_3.pdf,CONSTRUCTION SYSTEMS AND APPLICATIONS 3,0,0,0,50,10,40,100,ok
nan__CONSTRUCTION_SYSTEMS_AND_APPLICATIONS_4.pdf,CONSTRUCTION SYSTEMS AND APPLICATIONS 4,0,0,0,0,15,85,100,ok
nan__CONTRACTS_DEELIZALDE.pdf,CONTRACTS,30,30,0,20,20,0,100,ok
nan__CONTRACTS_MALO.pdf,CONTRACTS,30,30,20,0,0,20,100,ok
nan__CRIMINAL_LAW_II_CAPELLO.pdf,CRIMINAL LAW II,45,20,0,15,20,0,100,ok
nan__CRIMINAL_LAW_I_PALMIOTTO.pdf,CRIMINAL LAW I,45,15,0,20,20,0,100,ok
nan__Capstone_Project.pdf,CAPSTONE PROJECT,0,0,0,0,0,100,100,ok
nan__Communication_Skills.pdf,COMMUNICATION SKILLS,30,0,0,0,15,55,100,ok
nan__Computational_Thinking_for_Data_Management_%26_Ana.pdf,COMPUTATIONAL THINKING FOR DATA,20,20,15,15,10,20,100,ok
nan__DESIGNING_AND_USING_DATABASES.pdf,DESIGNING AND USING DATABASES,30,20,0,20,10,20,100,ok
nan__DESIGN_STUDIO_1.pdf,DESIGN STUDIO 1: IDEA AND FORM,0,0,0,0,0,100,100,ok
nan__DESIGN_STUDIO_3_EXPERIENCE.pdf,DESIGN STUDIO 3: EXPERIENCE,0,0,0,0,10,90,100,ok
nan__DESIGN_STUDIO_4.pdf,DESIGN STUDIO 4: PROGRAM,0,0,0,0,10,90,100,ok
nan__DESIGN_STUDIO_5_TECHNIQUE.pdf,DESIGN STUDIO 5: TECHNIQUE,0,0,0,0,0,100,100,ok
nan__DESIGN_STUDIO_6.pdf,DESIGN STUDIO 6: THE EXISTING,0,0,0,0,0,100,100,ok
nan__DESIGN_STUDIO_7_AGGREGATION.pdf,DESIGN STUDIO 7: AGREGATION,0,0,0,0,0,100,100,ok
nan__DEW3.pdf,DESIGN ENTREPRENEURSHIP WORKSHOP 3,0,0,0,50,10,40,100,ok
nan__DIGITAL_HUMANITIES.pdf,INTRODUCTION TO DIGITAL HUMANITIES,0,0,0,28,30,42,100,ok
nan__DIGITAL_TOOLS_AND_OPERATIONS_1.pdf,DIGITAL TOOLS AND OPERATIONS 1,0,0,0,0,10,90,100,ok
nan__DISCRETE_MATHEMATICS.pdf,DISCRETE MATHEMATICS,40,30,0,20,0,10,100,ok
nan__DS9_synthesis.pdf,DESIGN STUDIO 9: SYNTHESIS,0,0,0,0,0,100,100,ok
nan__Data_Governance.pdf,DATA GOVERNANCE,30,0,0,0,25,45,100,ok
nan__Data_Insights_and_Visualization.pdf,DATA INSIGHTS AND VISUALIZATION,25,15,0,0,15,45,100,ok
nan__Data_Visualization_Dashboards_%26_Storytelling.pdf,"DATA VISUALIZATION, DASHBOARDS &",0,0,0,20,15,65,100,ok
nan__Design_Entrepreneurship_Workshop_1.pdf,DESIGN ENTREPRENEURSHIP WORKSHOP 1,0,0,0,60,30,10,100,ok
nan__Design_Entrepreneurship_Workshop_2.pdf,DESIGN ENTREPRENEURSHIP WORKSHOP 2,0,0,0,80,10,10,100,ok
nan__Design_Studio_2_Form_and_Material_A.pdf,DESIGN STUDIO 2: FORM AND MATERIAL,0,0,0,0,10,90,100,ok
nan__Design_Studio_8_Territory_A.pdf,DESIGN STUDIO 8: TERRITORY,0,0,0,0,0,100,100,ok
nan__Designing_AI_%26_Implementing_Smart_Technologies.pdf,DESIGNING ARTIFICIAL INTELLIGENCE &,30,0,0,0,15,55,100,ok
nan__Digital_Tools_and_Operations_2.pdf,DIGITAL TOOLS AND OPERATIONS 2,0,0,0,0,5,95,100,ok
nan__ECONOMETRICS_ALEGRIA.pdf,ECONOMETRICS,45,25,0,0,10,20,100,ok
nan__ECONOMICS_GERARDO_JACOBS.pdf,ECONOMICS,30,20,0,0,20,30,100,ok
nan__EDPs.pdf,PARTIAL DIFFERENTIAL EQUATIONS,50,30,0,10,10,0,100,ok
nan__ENVIRONMENTAL_AND_BUILDING_SYSTEMS_1.pdf,ENVIRONMENTAL SYSTEMS AND STRATEGIES 1,20,0,0,0,10,70,100,ok
nan__ENVIRONMENTAL_AND_BUILDING_SYSTEMS_2.pdf,ENVIRONMENTAL SYSTEMS AND STRATEGIES 2,20,0,0,0,10,70,100,ok
nan__ETHICS_POLICY_MAKING_AND_LEGISLATION_IN_CS.pdf,"ETHICS, POLICY MAKING AND LEGISLATION IN CS",20,0,0,20,0,60,100,ok
nan__ETHICS__VALUES_ELENA_GARRIGUES.pdf,UNPLUGGED I,30,30,0,30,10,0,100,ok
nan__EUROPEAN_LEGAL_HISTORY_WAUTERS.pdf,EUROPEAN LEGAL HISTORY,40,20,0,0,0,40,100,ok
nan__EU_LEGAL_HISTORY_LARRAnAGA.pdf,EUROPEAN LEGAL HISTORY,40,20,0,0,0,40,100,ok
nan__EXPERIMENTATION_WORKSHOP_1.pdf,EXPERIMENTATION WORKSHOP 1,0,0,0,60,10,30,100,ok
nan__EXPERIMENTATION_WORKSHOP_2.pdf,EXPERIMENTATION WORKSHOP 2,0,0,0,60,30,10,100,ok
nan__Electives.pdf,AT THE EDGE OF NEUROSCIENCE: MARKETING,25,0,0,30,20,25,100,ok
nan__Electivos.pdf,ADVANCED TOPICS ON SPANISH PUBLIC LAW (in,0,0,0,0,0,100,100,ok
nan__Emerging_Topics_in_Data_Analysis_%26_Management.pdf,EMERGING TOPICS IN DATA ANALYSIS &,40,0,0,50,10,0,100,ok
nan__FAMILY_STATE__TRUST_CORTES.pdf,"FAMILY, ESTATE AND TRUST",0,0,0,30,15,55,100,ok
nan__FOUNDATIONS_OF_SOCIAL_THEORY.pdf,FOUNDATIONS OF SOCIAL THEORY,30,30,0,30,10,0,100,ok
nan__FUNDAMENTALS_OF_DATA_ANALYSIS.pdf,FUNDAMENTALS OF DATA ANALYSIS,30,20,0,0,10,40,100,ok
nan__FUNDAMENTALS_OF_PROBABILITY_AND_STATISTICS.pdf,FUNDAMENTALS OF PROBABILITY AND,30,20,0,0,10,40,100,ok
nan__Fall_CalculusI.pdf,CALCULUS 1,40,35,0,0,10,15,100,ok
nan__Fall_Commskills.pdf,COMMUNICATION SKILLS,0,0,0,50,20,30,100,ok
nan__Fall_ComputerProgrammingI.pdf,COMPUTER PROGRAMMING 1,30,30,0,30,10,0,100,ok
nan__Fall_DiscreteMathematics.pdf,DISCRETE MATHEMATICS,40,40,0,0,20,0,100,ok
nan__Fall_Geometry.pdf,GEOMETRY,40,30,0,15,15,0,100,ok
nan__Fall_LinearAlgebra.pdf,LINEAR ALGEBRA,40,30,0,15,15,0,100,ok
nan__Fall_MachineLearning.pdf,MACHINE LEARNING,40,20,10,15,15,0,100,ok
nan__Fall_Numericalmethods.pdf,NUMERICAL METHODS,40,35,0,15,10,0,100,ok
nan__Fall_ODEs.pdf,ORDINARY DIFFERENTIAL EQUATIONS,50,30,0,0,5,15,100,ok
nan__Fall_OptimizationI.pdf,OPTIMIZATION I,40,30,0,15,15,0,100,ok
nan__Forecasting_for_Time_Series.pdf,FORECASTING FOR TIME SERIES,30,30,0,25,15,0,100,ok
nan__Fundamentals_of_Human_Behavior.pdf,FUNDAMENTALS OF HUMAN BEHAVIOR,25,25,0,0,10,40,100,ok
nan__GAME_THEORY_AND_INDUSTRIAL_ORGANIZATION_KONSTANTIN.pdf,GAME THEORY AND INDUSTRIAL ORGANIZATION,30,30,0,10,10,20,100,ok
nan__GLOBAL_HISTORY_I.pdf,GLOBAL HISTORY I,0,0,0,0,10,90,100,ok
nan__GLOBAL_HISTORY_II.pdf,GLOBAL HISTORY II,30,25,5,20,20,0,100,ok
nan__GOVERNMENT__COMPARATIVE_POLITICS_WIESEHOMEIER.pdf,GOVERNMENT AND COMPARATIVE POLITICS,40,20,20,0,0,20,100,ok
nan__GRAPHIC_COMMUNICATION_1.pdf,GRAPHIC COMMUNICATION 1,0,0,0,0,0,100,100,ok
nan__Graphic_Communication_2_A.pdf,GRAPHIC COMMUNICATION 2,0,0,0,0,0,100,100,ok
nan__HIGH_PERFORMANCE_COMPUTING.pdf,HIGH PERFORMANCE COMPUTING,30,15,0,0,10,45,100,ok
nan__HISTORY_ANCIENT__MEDIEVAL_PHILOSOPHY_ALONSO.pdf,HISTORY OF ANCIENT AND MEDIEVAL,0,0,0,35,10,55,100,ok
nan__HUMAN_RIGHTS_VERDUGO.pdf,HUMAN RIGHTS,50,0,0,25,25,0,100,ok
nan__Humanities.pdf,IE HUMANITIES,60,40,0,0,0,0,100,ok
nan__IE_Challenge.pdf,IE-CHALLENGE,0,0,0,15,15,70,100,ok
nan__IE_Impact_Entrepreneurship.pdf,ENTREPRENEURSHIP,0,0,0,50,25,25,100,ok
nan__INTERNATIONAL_TRADE_LAW_CUEVAS.pdf,INTERNATIONAL TRADE LAW AND POLICY,30,0,0,0,20,50,100,ok
nan__INTRODUCTION_TO_BUSINESS_MANAGEMENT.pdf,INTRODUCTION TO BUSINESS MANAGEMENT,50,0,0,0,20,30,100,ok
nan__INTRODUCTION_TO_PROGRAMMING.pdf,INTRODUCTION TO PROGRAMMING,40,30,0,20,10,0,100,ok
nan__INTRODUCTION_TO_URBAN_AND_REGIONAL_STUDIES.pdf,INTRODUCTION TO URBAN AND REGIONAL,40,40,0,0,0,20,100,ok
nan__INTRO_PRIVATE_LAW_CASILDA_CORTES.pdf,INTRODUCTION TO PRIVATE LAW,30,30,0,10,15,15,100,ok
nan__INTRO_TO_LAW_SYSTEMS_VERDUGO.pdf,INTRODUCTION TO LAW SYSTEMS,50,30,0,0,20,0,100,ok
nan__INTRO_TO_POLITICAS_SCIENCE_ZIDEK.pdf,INTRODUCTION TO POLITICAL SCIENCE,40,20,0,30,10,0,100,ok
nan__Introduction_to_Business_and_Social_Analytics.pdf,INTRODUCTION TO BUSINESS AND SOCIAL,40,0,0,0,20,40,100,ok
nan__Introduction_to_Programming_for_Data_Science.pdf,INTRODUCTION TO PROGRAMMING FOR DATA,50,25,0,0,10,15,100,ok
nan__LABOUR_LAW_II_CIFUENTES.pdf,LABOUR LAW II,30,0,0,20,20,30,100,ok
nan__LABOUR_LAW_I_OTERO.pdf,LABOUR LAW I,50,0,0,20,30,0,100,ok
nan__LEARNING_TO_OBSERVE_EXPERIMENT_AND_SURVEY.pdf,"LEARNING TO OBSERVE, EXPERIMENT AND",25,30,15,10,15,5,100,ok
nan__LEGAL_SKILLS_TRANSACTIONS_DAROCA.pdf,UNPLUGGED IV,50,0,0,0,50,0,100,ok
nan__LEGAL_THOUGHT_BAUTERS.pdf,LEGAL THOUGHT,40,20,0,0,0,40,100,ok
nan__LITIGATION_II_PINEROS.pdf,LITIGATION II,40,0,0,20,20,20,100,ok
nan__LITIGATION_I_DE_BENITO.pdf,LITIGATION I,0,0,0,0,0,100,100,ok
nan__LOGIC_AND_ALGORITHMIC_THINKING.pdf,LOGIC AND ALGORITHMIC THINKING,40,0,0,0,30,30,100,ok
nan__Legal_Philosophy_2526.pdf,LEGAL PHILOSOPHY,30,0,0,0,0,70,100,ok
nan__MACROECONOMICS_YAGUE.pdf,MACROECONOMICS,0,60,0,15,10,15,100,ok
nan__MANAGEMENT_TOOLS_AND_PRINCIPLES.pdf,MANAGEMENT TOOLS AND PRINCIPLES,50,10,0,0,20,20,100,ok
nan__MATHEMATICS_ALVAREZ.pdf,MATHEMATICS,40,30,0,0,10,20,100,ok
nan__MATRICES__LINEAR_TRANSFORMATIONS.pdf,MATRICES & LINEAR TRANSFORMATIONS,30,0,0,30,10,30,100,ok
nan__MICROECONOMICS_PENA.pdf,MICROECONOMICS,40,20,0,25,5,10,100,ok
nan__MONETARY_ECONOMICS.pdf,MONETARY ECONOMICS,40,0,0,40,10,10,100,ok
nan__Mathematics_for_Data_Management_%26_Analysis.pdf,MATHEMATICS FOR DATA MANAGEMENT AND,35,0,20,30,15,0,100,ok
nan__NLP_Text_Mining_and_Semantic_Analysis.pdf,"NLP, TEXT MINING AND SEMANTIC ANALYSIS",35,10,0,30,5,20,100,ok
nan__OPTATIVAS_1.pdf,ADVANCED TOPICS ON SPANISH PUBLIC LAW (in,0,0,0,0,0,100,100,ok
nan__Operating_Systems_%26_Parallel_Computing.pdf,OPERATING SYSTEMS & PARALLEL COMPUTING,30,20,0,20,10,20,100,ok
nan__Optativas_2.pdf,COMPETITION LAW,50,40,0,0,10,0,100,ok
nan__PERSUASION_ALMANSA.pdf,UNPLUGGED I,35,0,0,35,30,0,100,ok
nan__PHILOSOPHICAL_QUESTIONS_%26_METHODS.pdf,PHILOSOPHICAL METHODS AND QUESTIONS,0,30,0,0,20,50,100,ok
nan__PHYSICS_FOR_COMPUTER_SCIENCE.pdf,PHYSICS FOR COMPUTER SCIENCE,40,30,0,20,10,0,100,ok
nan__POLITICAL_PHILOSOPHY_NIETHARDT.pdf,POLITICAL PHILOSOPHY,40,20,0,0,0,40,100,ok
nan__PROBABILITY_FOR_COMPUTING_SCIENCE.pdf,PROBABILITY FOR COMPUTING SCIENCE,35,0,0,45,20,0,100,ok
nan__PROBABILITY__STATISTICS_MESA.pdf,PROBABILITY AND STATISTICS,35,0,0,0,10,55,100,ok
nan__PROFESSIONAL_PRACTICE.pdf,PROFESSIONAL PRACTICE,0,0,0,0,30,70,100,ok
nan__PROPERTY_ZAMORA.pdf,PROPERTY,30,30,0,0,20,20,100,ok
nan__PUBLIC_ADMON__MANAGEMENT_PUIG-SIMON.pdf,PUBLIC ADMINISTRATION AND MANAGEMENT,40,0,30,0,10,20,100,ok
nan__PUBLIC_INTERNATIONAL_LAW_SALAZAR.pdf,PUBLIC INTERNATIONAL LAW,30,0,0,25,15,30,100,ok
nan__PUBLIC_INTER_LAW_DELERUE.pdf,PUBLIC INTERNATIONAL LAW,30,0,0,25,15,30,100,ok
nan__Principles_of_Programming.pdf,PRINCIPLES OF PROGRAMMING,50,25,0,15,10,0,100,ok
nan__Probability_%26_Statistics_for_Data_Management_%26.pdf,PROBABILITY & STATISTICS FOR DATA,25,0,25,0,10,40,100,ok
nan__Professional_Bootcamp_Leadership.pdf,PROFESSIONAL BOOTCAMP: LEADERSHIP,20,0,0,30,20,30,100,ok
nan__Professional_Bootcamp_Teamwork.pdf,PROFESSIONAL BOOTCAMP: TEAMWORK,45,0,0,35,20,0,100,ok
nan__Programming_for_Data_Management_%26_Analysis.pdf,PROGRAMMING FOR DATA MANAGEMENT &,35,20,0,0,15,30,100,ok
nan__Project_Management.pdf,PROJECT MANAGEMENT,20,15,0,25,15,25,100,ok
nan__Public_Economics_2526.pdf,PUBLIC ECONOMICS,0,0,0,0,10,90,100,ok
nan__RESEARCH_METHODS_GUJER.pdf,RESEARCH METHODS AND DATA ANALYSIS,40,0,25,20,10,5,100,ok
nan__RHETORIC_AND_STORYTELLING.pdf,RHETORIC AND STORYTELLING,25,20,0,15,0,40,100,ok
nan__Recommendation_Engines.pdf,RECOMMENDATION ENGINES,25,0,0,0,15,60,100,ok
nan__Robotics_Automation.pdf,ROBOTICS & AUTOMATION,0,50,0,40,10,0,100,ok
nan__SIMULATING_AND_MODELING_TO_UNDERSTAND_CHANGE.pdf,SIMULATING AND MODELING TO UNDERSTAND,30,20,15,0,10,25,100,ok
nan__SOCIAL_SEMINAR_III_MONFORT.pdf,SOCIAL SEMINAR III,40,30,0,15,5,10,100,ok
nan__SOCIAL_SEMINAR_I_GUJER.pdf,SOCIAL SEMINAR I,30,0,0,0,20,50,100,ok
nan__SOFTWARE_DEVELOPMENT_AND_DEVOPS.pdf,SOFTWARE DEVELOPMENT AND DEVOPS,30,15,0,0,0,55,100,ok
nan__STRUCTURAL_TYPES_AND_CALCULATIONS_1.pdf,STRUCTURAL TYPES AND CALCULATION 1,35,35,0,20,10,0,100,ok
nan__STRUCTURAL_TYPES_AND_CALCULATIONS_2.pdf,STRUCTURAL TYPES AND CALCULATION 2,60,0,0,0,10,30,100,ok
nan__Social_Seminar_II_2526.pdf,SOCIAL SEMINAR II,0,0,0,0,10,90,100,ok
nan__Spring_Approximation.pdf,APPROXIMATION,30,40,0,0,10,20,100,ok
nan__Spring_CalculusII.pdf,CALCULUS 2,35,35,0,15,15,0,100,ok
nan__Spring_ComputerProgrammingII.pdf,COMPUTER PROGRAMMING 2,40,30,0,20,10,0,100,ok
nan__Spring_Databases.pdf,DATA BASES,35,25,15,15,10,0,100,ok
nan__Spring_Datavisualization.pdf,DATA VISUALIZATION,0,30,0,25,10,35,100,ok
nan__Spring_MathematicalModeling.pdf,MATHEMATICAL MODELING,40,20,0,40,0,0,100,ok
nan__Spring_OptimizationII.pdf,OPTIMIZATION II,30,40,0,15,15,0,100,ok
nan__Spring_ProbStats.pdf,PROBABILITY AND STATISTICS,40,30,0,15,0,15,100,ok
nan__Spring_StatisticalModeling.pdf,STATISTICAL MODELING,30,30,0,10,10,20,100,ok
nan__Stream_Analytics.pdf,STREAM ANALYTICS,25,25,0,0,10,40,100,ok
nan__TAXATION_II-ALLEVATO.pdf,TAXATION II,45,25,0,15,15,0,100,ok
nan__TAXATION_I_LEIS.pdf,TAXATION I,45,25,0,15,15,0,100,ok
nan__TECH.pdf,TECHNOLOGY,0,0,0,30,15,55,100,ok
nan__THE_BIG_HISTORY_OF_IDEAS_AND_INNOVATION.pdf,THE BIG HISTORY OF IDEAS AND INNOVATION,25,25,0,0,25,25,100,ok
nan__TORTS_BERMEJO.pdf,TORTS,60,0,0,25,15,0,100,ok
nan__Time_Series_Analysis.pdf,TIME SERIES ANALYSIS,30,30,0,20,10,10,100,ok
nan__UNPLUGGED_V_MORALES.pdf,UNPLUGGED V,0,0,0,0,50,50,100,ok
nan__URBAN_MANAGEMENT.pdf,URBAN MANAGEMENT,80,0,0,10,10,0,100,ok
nan__URBAN_STRATEGIES_1.pdf,URBAN STRATEGIES 1,0,0,0,0,10,90,100,ok
nan__UX_UI__HUMAN.pdf,"UX, UI & HUMAN-COMPUTER INTERACTION",30,0,0,30,10,30,100,ok
nan__Undergraduate_Thesis.pdf,UNDERGRADUATE THESIS,0,0,0,0,0,100,100,ok
nan__Urban_Strategies_2.pdf,URBAN STRATEGIES 2,30,0,0,0,30,40,100,ok
nan__WRITING_MARVEL.pdf,UNPLUGGED II,0,0,0,20,10,70,100,ok
nan__bayesianstatistics_stocproc.pdf,BAYESIAN STATISTICS AND STOCHASTIC,30,30,15,20,5,0,100,ok
nan__deeplearning.pdf,DEEP LEARNING,40,30,0,20,10,0,100,ok
nan__nonlineardynamics.pdf,NONLINEAR DYNAMICS,40,30,0,25,5,0,100,ok
nan__numericallinearalgebra.pdf,NUMERICAL LINEAR ALGEBRA,50,25,0,15,10,0,100,ok
nan__optimizationIII.pdf,OPTIMIZATION III,45,25,0,20,10,0,100,ok
